{
    "1_12 - 152mm": "646",
    "1_16 - 120mm": "510",
    "1_20 - 90mm": "382",
    "75mm": "319",
    "70mm": "297",
    "65mm": "276",
    "1_30": "247",
    "1_32": "230",
    "1_32 60mm": "255",
    "1_32 57mm": "242",
    "1_35 - 48mm": "204",
    "1_43 - 40mm": "170",
    "1_48 O-scale (36mm)": "153",
    "32mm Heroic": "154",
    "28mm Perry": "131",
    "28mm": "120",
    "1_72": "100",
    "1_87 HO scale (20mm)": "85",
    "15mm": "68",
    "10mm": "46",
    "1_30 60mm": "255",
    "1_30 57mm": "242"
}